date,n_trades,total_pnl,total_volume,win_rate,avg_trade_size,fg_value,n_accounts,pnl_per_volume_bps
2023-05-01,3,0.0,477.0,,159.0,63.0,1,0.0
2023-12-05,9,0.0,50005.83,,5556.203333333334,75.0,1,0.0
2023-12-14,11,-205.43473700000007,113203.35,66.66666666666666,10291.213636363636,72.0,1,-18.147407916815187
2023-12-15,2,-24.632033999999997,10609.95,0.0,5304.975,70.0,1,-23.215975570101644
2023-12-16,3,0.0,15348.77,,5116.256666666667,67.0,1,0.0
2023-12-17,14,304.982785,116278.02,63.63636363636363,8305.572857142857,73.0,1,26.228756303211902
2023-12-18,2,0.0,31164.179999999997,,15582.089999999998,65.0,1,0.0
2023-12-19,15,1000.5386120000001,91602.41,100.0,6106.827333333334,73.0,1,109.22623236659386
2023-12-20,18,162.732282,141636.79,100.0,7868.710555555556,74.0,1,11.489407660255504
2023-12-21,49,537.211402,125233.97,96.29629629629629,2555.795306122449,70.0,1,42.896619982581406
2023-12-22,10,141.832675,88874.28,100.0,8887.428,74.0,1,15.958798766077203
2023-12-23,13,146.936704,78438.25,100.0,6033.711538461538,70.0,1,18.73278712872865
2023-12-24,39,1008.619956,402954.94,88.23529411764706,10332.177948717948,71.0,1,25.03058917704297
2023-12-25,3,-245.081348,59948.51,0.0,19982.836666666666,73.0,1,-40.88197488144409
2023-12-27,28,-704.8892269999999,171411.06,30.76923076923077,6121.823571428571,73.0,1,-41.1227389294483
2023-12-28,23,-970.730876,100117.25,0.0,4352.923913043478,73.0,1,-96.95940270033384
2023-12-29,50,508.92214299999995,569559.72,75.0,11391.1944,65.0,1,8.935360509693346
2023-12-30,52,354.998648,702550.21,69.6969696969697,13510.58096153846,68.0,1,5.053000382705743
2024-01-01,18,-129.53146,264239.52999999997,16.666666666666664,14679.973888888888,65.0,1,-4.902047017719114
2024-01-02,17,783.979116,121348.74,88.88888888888889,7138.1611764705885,71.0,1,64.60545993308212
2024-01-03,67,866.015507,394499.36,80.0,5888.050149253731,70.0,1,21.952266462485515
2024-01-04,5,-67.60364,99792.54000000001,0.0,19958.508,68.0,1,-6.774418208014346
2024-01-05,66,164.141565,1703942.66,56.52173913043478,25817.31303030303,72.0,1,0.9633045104933287
2024-01-06,22,135.58166400000002,298521.4,83.33333333333334,13569.154545454547,70.0,1,4.54177368858648
2024-01-07,97,-835.681235,1048850.06,24.324324324324326,10812.887216494846,71.0,1,-7.967594862892032
2024-01-08,128,-269.874439,1522452.43,47.76119402985074,11894.159609375,71.0,1,-1.772629697205055
2024-01-09,70,-826.349863,870051.97,64.28571428571429,12429.313857142857,76.0,1,-9.497706935828214
2024-01-10,193,-1517.091342,2057479.48,49.39759036144578,10660.515440414507,73.0,1,-7.373543001264829
2024-01-11,21,-164.08950099999998,305314.1,55.55555555555556,14538.766666666666,76.0,2,-5.374448838098208
2024-01-12,7,-1925.519024,200082.27,0.0,28583.181428571428,71.0,1,-96.23636437151579
2024-01-15,14,152.85358,50636.1,100.0,3616.8642857142854,52.0,2,30.186681043761272
2024-01-16,9,-2299.171458,116427.33,60.0,12936.37,64.0,2,-197.47695476654837
2024-01-17,53,813.2741110000001,800831.03,57.89473684210527,15110.019433962265,60.0,1,10.155377108701696
2024-01-18,46,68.93319,424631.52999999997,33.33333333333333,9231.120217391304,63.0,1,1.6233648499912383
2024-01-19,48,-385.419235,428428.97,22.22222222222222,8925.603541666665,51.0,2,-8.996105818894554
2024-01-20,106,-146.57487000000003,1070090.51,46.875,10095.193490566038,52.0,1,-1.3697427332572085
2024-01-21,11,266.58114600000005,103129.74,60.0,9375.43090909091,56.0,1,25.849104826599973
2024-01-22,85,1375.640959,337878.99,56.09756097560976,3975.0469411764707,55.0,2,40.71401299619133
2024-01-23,45,-369.2447299999998,414518.93000000005,55.00000000000001,9211.531777777778,50.0,1,-8.907789325809553
2024-01-24,68,-2808.353815,965084.59,25.0,14192.42044117647,48.0,1,-29.099561262293083
2024-01-25,6,-3093.6293849999997,66566.13,0.0,11094.355000000001,52.0,1,-464.7452668496726
2024-01-26,5,90.2,11773.21,100.0,2354.642,49.0,2,76.61461912256726
2024-01-28,11,-2478.06972,18109.03,0.0,1646.2754545454545,54.0,1,-1368.4165965819263
2024-01-29,74,486.562542,414208.18,100.0,5597.407837837838,55.0,2,11.746811518787487
2024-01-30,49,-173.65419100000003,401011.38,26.31578947368421,8183.905714285715,61.0,1,-4.33040556105914
2024-01-31,859,-799.840817,6305647.13,52.981651376146786,7340.683504074505,60.0,1,-1.2684515966563452
2024-02-01,6,0.0,2008.18,,334.69666666666666,63.0,1,0.0
2024-02-02,42,456.423473,474278.43,61.904761904761905,11292.343571428572,63.0,1,9.623534281329219
2024-02-03,56,223.30918699999998,603820.0,50.0,10782.5,60.0,1,3.698274104865688
2024-02-04,35,47.62389499999999,203187.53,32.142857142857146,5805.358,60.0,1,2.3438394570769177
2024-02-05,72,-33.45419400000003,770198.26,43.75,10697.198055555556,60.0,1,-0.43435821316968476
2024-02-06,1088,-215.615907,8047153.41,34.22562141491396,7396.280707720588,64.0,1,-0.26794059466054093
2024-02-07,15,241.24212,6758.73,100.0,450.582,62.0,1,356.93409856585487
2024-02-08,10,770.756024,26051.12,100.0,2605.112,66.0,1,295.8629126118186
2024-02-11,34,983.443176,212311.82,100.0,6244.465294117647,71.0,1,46.320698301206214
2024-02-12,16,913.8817869999998,227247.69999999998,40.0,14202.981249999999,70.0,1,40.21522712881142
2024-02-13,14,559.44389,1999.99,100.0,142.85642857142858,79.0,1,2797.2334361671806
2024-02-14,111,3830.599833,320839.88,98.80952380952381,2890.4493693693694,74.0,2,119.39288323508912
2024-02-15,63,1840.797677,185188.04,95.0,2939.4926984126987,72.0,2,99.40154218382568
2024-02-16,182,5491.768834,564896.51,100.0,3103.826978021978,72.0,2,97.21725549340003
2024-02-17,94,1929.6418,406118.07,93.84615384615384,4320.405,76.0,2,47.51430538414605
2024-02-18,97,477.6248299999999,157048.17,89.70588235294117,1619.0532989690723,72.0,1,30.412632633669013
2024-02-19,101,4317.768563,286377.2,97.46835443037975,2835.417821782178,75.0,2,150.77207832886137
2024-02-20,39,3263.628824,119419.72,96.875,3062.0441025641026,72.0,2,273.29061096442024
2024-02-21,22,1858.7985700000002,108047.51999999999,100.0,4911.250909090909,78.0,2,172.0352831791049
2024-02-22,88,3894.1050699999996,373033.87,74.07407407407408,4239.02125,74.0,2,104.39012066116139
2024-02-23,143,1418.55293,111106.14,99.27536231884058,776.966013986014,76.0,1,127.67547590079181
2024-02-25,5,-30.7705,4480.13,0.0,896.0260000000001,74.0,1,-68.68215877664264
2024-02-26,39,4416.8473,192187.14,100.0,4927.875384615385,72.0,2,229.82012740290534
2024-02-27,63,888.511733,209362.3,61.904761904761905,3323.2111111111108,79.0,2,42.43895548529989
2024-02-28,45,2503.747235,171107.13,100.0,3802.380666666667,82.0,1,146.32629481892425
2024-02-29,116,9813.996992,395666.73,100.0,3410.9200862068965,80.0,2,248.0369525130405
2024-03-01,137,8244.241409,472974.7,100.0,3452.370072992701,80.0,1,174.30618189514152
2024-03-02,31,230.90060000000005,63197.56,75.0,2038.6309677419354,80.0,2,36.53631564256595
2024-03-03,79,8361.086245,390745.68,100.0,4946.1478481012655,83.0,1,213.97770142973815
2024-03-04,300,27799.775742,1577996.87,98.51851851851852,5259.989566666667,82.0,2,176.17129837526232
2024-03-05,180,19791.026041,841810.32,100.0,4676.724,90.0,1,235.10077710855342
2024-03-06,82,6814.825139,327218.02,100.0,3990.4636585365856,75.0,1,208.26558204221146
2024-03-08,67,4271.886236,183583.18,100.0,2740.047462686567,81.0,1,232.6948599539457
2024-03-09,117,9949.501624,658178.75,90.65420560747664,5625.459401709401,84.0,1,151.1671658193158
2024-03-10,42,2482.9272,219973.85,76.31578947368422,5237.472619047619,79.0,1,112.87374385637202
2024-03-11,42,3588.179495,176519.44999999998,100.0,4202.844047619047,82.0,1,203.27388823158014
2024-03-12,8,3039.166,103040.85,100.0,12880.10625,81.0,1,294.9476833702362
2024-03-13,7,0.0,6000.799999999999,,857.2571428571428,81.0,1,0.0
2024-03-14,18,3465.865832,205933.18,100.0,11440.732222222221,88.0,2,168.30050563003007
2024-03-15,62,6236.513651,351894.41,100.0,5675.71629032258,83.0,3,177.22684628607772
2024-03-16,8,228.57984,37223.66,100.0,4652.9575,81.0,2,61.407137288488016
2024-03-17,23,503.293955,99506.95,100.0,4326.389130434783,79.0,3,50.57877414592649
2024-03-18,19,1456.9577,90458.08,100.0,4760.951578947369,77.0,3,161.06440685011222
2024-03-19,24,668.797973,219884.84,71.42857142857143,9161.868333333334,79.0,3,30.415829167667944
2024-03-20,69,6423.134599,215705.85,100.0,3126.171739130435,74.0,2,297.77285126944867
2024-03-21,28,2335.5080749999997,117895.57,100.0,4210.556071428572,78.0,3,198.0997313978803
2024-03-24,19,1297.018477,92592.20999999999,100.0,4873.274210526315,74.0,1,140.07857432066913
2024-03-25,7,1302.916428,57116.32,100.0,8159.4742857142855,75.0,1,228.11631211534635
2024-03-26,118,3215.906593,198565.19,100.0,1682.7558474576272,81.0,2,161.9572188357889
2024-03-27,38,150.41114,99864.79,63.1578947368421,2628.020789473684,83.0,2,15.0614786252492
2024-03-28,13,227.85100799999998,35323.72,100.0,2717.209230769231,80.0,2,64.50368420993031
2024-03-29,15,883.097404,86914.37,100.0,5794.291333333333,79.0,1,101.60545419589418
2024-03-30,45,1100.57514,101103.92,100.0,2246.753777777778,75.0,1,108.85583269174924
2024-03-31,13,912.786145,39912.96,100.0,3070.2276923076925,75.0,1,228.6941747743089
2024-04-01,77,2507.963406,339470.47,97.67441860465115,4408.7074025974025,79.0,2,73.87869130413611
2024-04-02,41,883.760812,239664.50999999998,100.0,5845.475853658536,79.0,2,36.874913686636376
2024-04-03,4,126.7884,16887.57,100.0,4221.8925,71.0,2,75.0779419419135
2024-04-04,32,0.0,95987.73,,2999.6165625,70.0,1,0.0
2024-04-05,100,10706.484306,503791.8,100.0,5037.918,79.0,3,212.51803435466795
2024-04-06,16,236.33513399999998,68223.67,100.0,4263.979375,75.0,1,34.641222613793715
2024-04-07,23,0.0,49988.14,,2173.397391304348,78.0,1,0.0
2024-04-08,30,1218.4267,211940.64,100.0,7064.688,76.0,2,57.48905448242488
2024-04-09,3,0.0,57063.840000000004,,19021.280000000002,80.0,1,0.0
2024-04-10,41,5207.443414,351735.97,100.0,8578.926097560974,78.0,1,148.04978330763274
2024-04-11,16,389.743164,76400.96,100.0,4775.06,76.0,1,51.01286214204637
2024-04-12,129,-592.6458390000001,442088.59,70.29702970297029,3427.0433333333335,79.0,3,-13.405590019864572
2024-04-13,89,6621.451755,486411.25,100.0,5465.294943820225,72.0,2,136.12867208560658
2024-04-14,107,-36104.012520000004,659162.17,44.5945945945946,6160.394112149533,72.0,2,-547.7257974316093
2024-04-15,41,3774.08872,291111.19,100.0,7100.272926829269,74.0,2,129.64423387503587
2024-04-16,47,2467.702221,181907.17,100.0,3870.3653191489366,65.0,2,135.6572267602206
2024-04-17,14,2441.4683999999997,97562.99,100.0,6968.785000000001,67.0,1,250.24534405925849
2024-04-19,35,1946.4454620000001,337257.92000000004,100.0,9635.940571428573,66.0,1,57.713854785085545
2024-04-20,22,0.0,60733.24,,2760.601818181818,66.0,2,0.0
2024-04-22,9,0.0,47993.61,,5332.623333333333,73.0,1,0.0
2024-04-23,66,1119.536196,233054.9,100.0,3531.1348484848486,71.0,2,48.03744508268224
2024-04-24,20,279.185907,141275.24,85.71428571428571,7063.762,72.0,1,19.761842697984445
2024-04-25,74,0.0,120241.01,,1624.8785135135136,72.0,2,0.0
2024-04-26,3,0.0,4988.290000000001,,1662.7633333333335,70.0,1,0.0
2024-04-27,27,4281.488139,154264.47,100.0,5713.498888888889,67.0,1,277.5420768631947
2024-04-28,58,0.0,43985.6,,758.3724137931034,65.0,2,0.0
2024-04-29,45,526.9338359999999,108699.01,100.0,2415.5335555555553,67.0,2,48.47641537857612
2024-04-30,24,0.0,125018.75,,5209.114583333333,67.0,1,0.0
2024-05-01,14,0.0,87025.45,,6216.103571428571,54.0,1,0.0
2024-05-03,36,5306.017045,282682.64999999997,89.47368421052632,7852.295833333333,48.0,3,187.7022535695063
2024-05-04,9,0.0,58998.75,,6555.416666666667,67.0,2,0.0
2024-05-05,6,0.916,24068.350000000002,100.0,4011.391666666667,69.0,2,0.380582798571568
2024-05-06,9,968.59038,206016.43,100.0,22890.714444444442,71.0,1,47.0152006808389
2024-05-07,18,883.537693,108717.58,100.0,6039.865555555556,68.0,3,81.26907285831784
2024-05-08,13,1.56576,65973.57,50.0,5074.89,64.0,2,0.23733140407590494
2024-05-09,28,1147.595856,221966.12,100.0,7927.361428571428,55.0,2,51.701397312346586
2024-05-10,22,2101.741695,156882.0,100.0,7131.0,66.0,1,133.96958828928751
2024-05-11,9,251.604742,63248.95,100.0,7027.661111111111,53.0,1,39.78006623034849
2024-05-12,23,0.0,55179.56,,2399.111304347826,56.0,2,0.0
2024-05-13,28,2136.853859,193118.9,100.0,6897.103571428571,57.0,2,110.64964946465624
2024-05-14,23,1150.5233050000002,145853.4,100.0,6341.452173913043,66.0,1,78.88217244164348
2024-05-15,36,948.970582,234922.57,100.0,6525.626944444444,64.0,1,40.39503662845166
2024-05-16,27,214.5898,162620.96,100.0,6022.998518518518,70.0,2,13.195703678049865
2024-05-18,25,3522.3946610000003,126303.14,100.0,5052.1256,73.0,1,278.88417192161654
2024-05-19,8,0.0,29998.09,,3749.76125,72.0,1,0.0
2024-05-20,10,-74.818442,38124.75,0.0,3812.475,70.0,2,-19.624638063200415
2024-05-21,125,7289.397571999999,1100948.59,56.00000000000001,8807.588720000002,76.0,2,66.21015402726478
2024-05-22,6,0.0,44995.29,,7499.215,76.0,1,0.0
2024-05-23,325,413.347329,401850.6,92.94871794871796,1236.4633846153845,76.0,3,10.286094608294725
2024-05-24,2,821.949278,50811.899999999994,100.0,25405.949999999997,74.0,1,161.76314564108017
2024-05-25,16,14.126038999999999,29991.129999999997,100.0,1874.4456249999998,76.0,2,4.710072278036873
2024-05-26,16,778.6839,53976.67,100.0,3373.541875,75.0,2,144.26304920255362
2024-05-27,251,1129.35587,151115.72,96.7741935483871,602.0546613545816,74.0,1,74.73450611226946
2024-05-29,164,277.791953,84268.76,95.77464788732394,513.8339024390243,72.0,2,32.964998298301765
2024-05-30,7,20.951433,2838.09,100.0,405.4414285714286,73.0,1,73.82229950424406
2024-05-31,13,25.35812,3636.14,100.0,279.70307692307694,73.0,1,69.73911895581578
2024-06-01,25,91.510419,12834.62,100.0,513.3848,72.0,1,71.29967151345345
2024-06-02,93,192.906947,29464.51,100.0,316.822688172043,73.0,1,65.47095030597828
2024-06-03,70,562.808208,21466.86,100.0,306.66942857142857,73.0,1,262.17537543916535
2024-06-04,53,52.211438,24243.41,100.0,457.42283018867926,73.0,1,21.536342453474987
2024-06-05,54,56.055506,25350.77,94.11764705882352,469.4587037037037,75.0,1,22.111953995874682
2024-06-06,234,274.173187,137557.76,98.0392156862745,587.8536752136753,78.0,1,19.931495467794765
2024-06-07,440,8902.467416,1098588.76,98.87640449438202,2496.7926363636366,77.0,3,81.03548607214951
2024-06-08,29,129.13883900000002,97351.88,100.0,3356.961379310345,72.0,2,13.265161289129702
2024-06-09,17,0.0,22410.22,,1318.2482352941176,75.0,2,0.0
2024-06-10,53,31.266804999999998,46587.93,100.0,879.0175471698113,72.0,2,6.711353133740864
2024-06-11,123,4320.631811,373279.92,100.0,3034.7960975609753,74.0,3,115.74776942193945
2024-06-12,254,-21886.531493,193407.96,26.923076923076923,761.4486614173228,72.0,2,-1131.625166461608
2024-06-13,79,6632.757115,132577.22,95.0,1678.1926582278481,70.0,2,500.2938751468767
2024-06-14,31,10258.592609,139868.66,100.0,4511.892258064517,74.0,2,733.4446908263794
2024-06-15,78,3369.958346,718350.25,100.0,9209.61858974359,74.0,2,46.912468478990576
2024-06-16,11,0.0,25235.079999999998,,2294.0981818181817,71.0,1,0.0
2024-06-17,38,10599.502375,368380.12,96.15384615384616,9694.213684210526,71.0,2,287.73274668024976
2024-06-18,25,282.57636,263314.79,100.0,10532.5916,74.0,2,10.731503536128754
2024-06-19,61,4887.656944,417071.12,100.0,6837.231475409836,64.0,3,117.19001171790558
2024-06-20,39,57478.456026,207990.8,100.0,5333.097435897435,60.0,3,2763.509541095087
2024-06-21,80,773.5582039999999,176264.49,100.0,2203.306125,63.0,2,43.8862191698396
2024-06-22,24,756.876565,169594.27000000002,100.0,7066.427916666667,53.0,2,44.62866375143452
2024-06-23,5,0.0,1792.12,,358.424,55.0,1,0.0
2024-06-24,31,0.0,403002.8,,13000.090322580645,51.0,2,0.0
2024-06-25,49,4869.353105,103099.08,100.0,2104.062857142857,30.0,1,472.2984050876109
2024-06-26,72,4197.732182,365190.66000000003,100.0,5072.092500000001,46.0,2,114.94631823278283
2024-06-27,30,0.0,130486.95,,4349.565,40.0,2,0.0
2024-06-29,75,6150.326145,280095.11,100.0,3734.6014666666665,30.0,2,219.5799185855119
2024-06-30,14,0.0,30520.69,,2180.049285714286,47.0,2,0.0
2024-07-01,64,5065.839308,362670.14999999997,100.0,5666.721093749999,53.0,2,139.68172754223087
2024-07-02,18,2421.253116,33347.47,100.0,1852.6372222222224,51.0,1,726.0680093572315
2024-07-03,18,1118.387284,179600.66,100.0,9977.814444444444,50.0,2,62.27077806952379
2024-07-04,25,0.0,430568.01,,17222.720400000002,44.0,2,0.0
2024-07-05,32,0.0,272289.89,,8509.0590625,29.0,2,0.0
2024-07-06,24,108.87217799999999,2490.17,100.0,103.75708333333334,26.0,1,437.2078131211925
2024-07-07,10,61.428942,498.75,100.0,49.875,29.0,1,1231.6579849624059
2024-07-08,1,0.0,497.64,,497.64,28.0,1,0.0
2024-07-09,15,648.984412,2736.45,100.0,182.42999999999998,27.0,1,2371.628979151821
2024-07-10,56,11977.734907,687900.21,100.0,12283.93232142857,28.0,2,174.12023914049976
2024-07-11,19,1876.812082,169887.02,100.0,8941.422105263156,29.0,1,110.47413051332586
2024-07-12,19,1412.314654,89582.97,100.0,4714.893157894737,25.0,2,157.65436823539116
2024-07-13,17,2913.617837,139189.19,100.0,8187.599411764706,25.0,2,209.32788221556572
2024-07-14,7,0.0,84001.13,,12000.16142857143,33.0,1,0.0
2024-07-15,26,-1.0,198344.85,0.0,7628.6480769230775,52.0,2,-0.05041724047788485
2024-07-16,22,0.0,144000.57,,6545.480454545454,65.0,1,0.0
2024-07-17,351,1859.269477,626005.53,93.54838709677419,1783.4915384615385,69.0,3,29.70052799693319
2024-07-18,60,3803.884311,649704.85,100.0,10828.414166666666,61.0,2,58.54788233457084
2024-07-19,23,2155.891114,150269.42,100.0,6533.453043478262,60.0,2,143.4683859164426
2024-07-20,266,2299.169566,244362.21,91.66666666666666,918.65492481203,74.0,2,94.08858947543486
2024-07-21,448,-2960.716887,234307.46,8.898305084745763,523.0077232142856,74.0,2,-126.36033385364684
2024-07-22,154,1517.119876,304213.8,20.754716981132077,1975.4142857142856,70.0,2,49.87018590215171
2024-07-23,370,89890.302206,358526.54,90.38461538461539,968.9906486486486,71.0,3,2507.2147296543235
2024-07-24,90,625.561479,69207.93,100.0,768.977,69.0,5,90.3886995319756
2024-07-25,78,916.7382600000001,528555.31,100.0,6776.350128205129,68.0,3,17.344225715942574
2024-07-26,152,2766.513113,548587.65,100.0,3609.1292763157894,68.0,4,50.429737399301644
2024-07-27,57,6400.623656,905199.75,100.0,15880.697368421053,72.0,2,70.70951639127165
2024-07-28,16,587.29903,43254.68,100.0,2703.4175,71.0,2,135.77699106778735
2024-07-29,39,330.80445399999996,327199.14,100.0,8389.72153846154,74.0,2,10.110187147802405
2024-07-30,6,0.0,36006.47,,6001.078333333334,67.0,1,0.0
2024-07-31,43,765.690884,84506.54,100.0,1965.2683720930231,61.0,2,90.60729311601209
2024-08-01,57,167.080017,227774.53,57.14285714285714,3996.044385964912,52.0,4,7.3353248495343175
2024-08-02,63,782.3681909999999,396320.37,100.0,6290.799523809524,57.0,3,19.740801892166175
2024-08-03,37,464.1897,290532.86,100.0,7852.239459459459,37.0,5,15.977184129877772
2024-08-04,127,-122672.000883,1207744.07,4.615384615384616,9509.795826771655,34.0,5,-1015.7118873951498
2024-08-05,80,-13013.665169,420495.4,86.8421052631579,5256.1925,26.0,4,-309.4841267942527
2024-08-06,107,267.318048,61478.38,50.0,574.5642990654205,17.0,2,43.48163500729849
2024-08-07,33,188.789255,2492.77,100.0,75.53848484848484,29.0,3,757.3472682999234
2024-08-08,9,-40.712216999999995,16299.35,0.0,1811.038888888889,20.0,2,-24.977816293287766
2024-08-09,144,18082.071276,503204.86,74.13793103448276,3494.4781944444444,48.0,5,359.33816847476396
2024-08-10,88,0.0,11339.29,,128.8555681818182,40.0,2,0.0
2024-08-11,24,847.7766200000001,44230.21,100.0,1842.9254166666667,39.0,2,191.67365924783087
2024-08-12,48,858.6705000000001,54167.32,100.0,1128.4858333333334,25.0,3,158.5218725977213
2024-08-13,23,212.08102,20797.87,100.0,904.2552173913043,31.0,3,101.97247121940853
2024-08-14,25,2168.9015130000003,66710.03,100.0,2668.4012,30.0,3,325.1237502066781
2024-08-15,12,0.0,1522.3700000000001,,126.86416666666668,29.0,1,0.0
2024-08-16,35,825.230544,166382.84,100.0,4753.795428571429,27.0,2,49.59829655510148
2024-08-17,30,-288.283113,30248.96,0.0,1008.2986666666667,25.0,2,-95.30347919399544
2024-08-18,15,307.201888,62804.48,100.0,4186.965333333334,31.0,2,48.91400868218318
2024-08-19,8,339.69958299999996,100315.03,100.0,12539.37875,28.0,1,33.86327881275617
2024-08-20,12,192.602844,49914.8,100.0,4159.566666666667,30.0,2,38.58631988909101
2024-08-21,145,656.200925,104990.41,100.0,724.0717931034483,26.0,2,62.50103461830466
2024-08-23,10,1005.30527,63509.56,100.0,6350.956,34.0,1,158.2919595097179
2024-08-24,7,0.0,34999.67,,4999.952857142857,56.0,2,0.0
2024-08-25,17,0.0,21950.28,,1291.1929411764704,54.0,2,0.0
2024-08-26,6,231.236918,92611.27,100.0,15435.211666666668,55.0,2,24.968550587849624
2024-08-27,50,0.0,70250.16,,1405.0032,48.0,2,0.0
2024-08-28,9,1333.359645,71160.06999999999,100.0,7906.674444444444,30.0,2,187.37469552798362
2024-08-29,1,0.0,9995.85,,9995.85,29.0,1,0.0
2024-08-30,6,256.464,37233.24,100.0,6205.54,34.0,4,68.88038752469568
2024-08-31,34,10.882801,107507.43000000001,92.3076923076923,3161.983235294118,29.0,3,1.0122836161184394
2024-09-01,12,137.433093,12359.68,100.0,1029.9733333333334,26.0,1,111.19470164276099
2024-09-02,2,0.0,30000.42,,15000.21,26.0,1,0.0
2024-09-04,34,1065.785132,131480.97,62.5,3867.0873529411765,27.0,2,81.06002959972079
2024-09-05,1,0.0,0.84,,0.84,29.0,1,0.0
2024-09-06,42,-1104.856765,39047.1,0.0,929.6928571428571,22.0,2,-282.9548839734577
2024-09-08,1,0.0,0.11,,0.11,29.0,1,0.0
2024-09-09,2,0.0,4014.4300000000003,,2007.2150000000001,26.0,1,0.0
2024-09-10,3,-219.729659,2547.28,0.0,849.0933333333334,33.0,2,-862.6050493074966
2024-09-11,1,0.0,0.54,,0.54,37.0,1,0.0
2024-09-14,11,0.0,1014.8000000000001,,92.25454545454546,50.0,2,0.0
2024-09-18,145,-878.684794,13633.5,0.0,94.02413793103449,45.0,1,-644.5041948142443
2024-09-19,19,0.0,1521.8700000000001,,80.09842105263158,49.0,1,0.0
2024-09-20,16,9585.03428,332873.38,88.88888888888889,20804.58625,54.0,2,287.94835681964116
2024-09-21,23,36165.56933,165648.12,100.0,7202.092173913044,54.0,1,2183.276775492532
2024-09-22,3,0.0,19999.739999999998,,6666.579999999999,52.0,1,0.0
2024-09-23,2,334.760796,40334.29,100.0,20167.145,50.0,1,82.99657586634103
2024-09-24,10,0.0,7118.63,,711.863,54.0,2,0.0
2024-09-25,9,0.0,52754.130000000005,,5861.570000000001,59.0,2,0.0
2024-09-26,8,439.812513,113711.93000000001,100.0,14213.991250000001,50.0,2,38.67778103845392
2024-09-27,56,0.0,126097.04,,2251.732857142857,61.0,2,0.0
2024-09-28,4,0.0,29199.21,,7299.8025,64.0,1,0.0
2024-09-30,106,2710.626288,214669.85,100.0,2025.1872641509435,61.0,2,126.26953845637848
2024-10-01,4,0.0,139954.32,,34988.58,50.0,1,0.0
2024-10-02,4,0.0,99954.34,,24988.585,42.0,1,0.0
2024-10-03,9,100.375782,132935.69,100.0,14770.632222222222,37.0,2,7.550702298231573
2024-10-04,1,0.0,0.34,,0.34,41.0,1,0.0
2024-10-05,37,5767.161892,605605.74,100.0,16367.722702702702,49.0,2,95.2296438273521
2024-10-06,22,130.487079,300130.56,100.0,13642.298181818182,50.0,1,4.347677190886526
2024-10-07,21,0.0,219984.65,,10475.459523809524,50.0,1,0.0
2024-10-08,36,5396.546638,434584.13,100.0,12071.781388888889,49.0,2,124.17725971723817
2024-10-09,14,396.06272,220399.93,100.0,15742.852142857142,49.0,1,17.970183565847776
2024-10-10,16,0.0,300024.33999999997,,18751.521249999998,39.0,1,0.0
2024-10-11,26,8885.327477,488904.19,100.0,18804.007307692307,32.0,2,181.73964671892054
2024-10-12,10,541.55471,159713.4,100.0,15971.34,49.0,1,33.90790691325837
2024-10-13,10,0.0,60002.42,,6000.242,50.0,1,0.0
2024-10-14,5,1913.61958,61916.020000000004,100.0,12383.204000000002,48.0,1,309.0669555310564
2024-10-15,7,1170.2260760000001,81173.36,100.0,11596.194285714286,65.0,1,144.16380891464885
2024-10-16,11,219.480876,80229.17,100.0,7293.560909090909,73.0,1,27.356742690968883
2024-10-17,9,36.11496,140531.75,50.0,15614.638888888889,71.0,2,2.569879048684728
2024-10-18,6,333.219141,120331.43000000001,100.0,20055.238333333335,73.0,1,27.69177936304754
2024-10-19,4,0.0,99996.86,,24999.215,72.0,1,0.0
2024-10-20,96,389.155797,176447.86000000002,100.0,1837.9985416666668,73.0,2,22.055002367271552
2024-10-21,173,2464.915564,324117.99,100.0,1873.5143930635838,72.0,2,76.04994600885931
2024-10-22,3,0.0,60000.36,,20000.12,70.0,1,0.0
2024-10-23,18,-46.489941,210006.07,0.0,11667.003888888888,71.0,1,-2.213742726579284
2024-10-25,30,13235.862071,427883.18,100.0,14262.772666666666,72.0,2,309.333544520259
2024-10-27,4,666.6623079999999,90664.41,100.0,22666.1025,74.0,1,73.53076118843104
2024-10-28,13,167.28016200000002,121495.25,100.0,9345.788461538461,72.0,2,13.76845284074892
2024-10-29,53,801.170876,613267.8099999999,100.0,11571.09075471698,72.0,2,13.063964273618081
2024-10-30,25,9.150023,11830.85,87.5,473.23400000000004,77.0,1,7.734036861256798
2024-10-31,48,1214.043811,896173.36,91.8918918918919,18670.278333333332,77.0,3,13.546975007157098
2024-11-01,23,1040.475736,260981.03,60.0,11347.001304347827,75.0,2,39.867868404075196
2024-11-02,2,0.0,40000.0,,20000.0,72.0,1,0.0
2024-11-03,6,0.0,129055.66,,21509.27666666667,74.0,2,0.0
2024-11-04,36,2799.410474,451811.97,100.0,12550.332499999999,70.0,2,61.95963497824106
2024-11-05,10,678.4759280000001,200627.23,100.0,20062.723,70.0,1,33.81773889815455
2024-11-06,15,2817.83723,123906.9,77.77777777777779,8260.46,70.0,2,227.41568306526918
2024-11-07,113,4493.353136,111335.3,100.0,985.2681415929204,77.0,3,403.5874638142619
2024-11-08,39,-64.41354100000007,270700.44,37.5,6941.036923076923,75.0,2,-2.3795137163426876
2024-11-09,86,102.90894,193384.41,43.18181818181818,2248.655930232558,75.0,2,5.321470329485195
2024-11-10,173,991.114334,413636.7,100.0,2390.963583815029,78.0,3,23.960986392164912
2024-11-11,373,6749.630996,1570572.42,95.83333333333334,4210.649919571046,76.0,4,42.97561137613763
2024-11-12,171,3494.399394,1226354.52,80.95238095238095,7171.663859649123,80.0,4,28.49420242688061
2024-11-13,48,7846.402274,515336.37,84.375,10736.174375,84.0,5,152.25787914018179
2024-11-14,110,4563.509225,1008361.81,100.0,9166.925545454545,88.0,2,45.25666461922036
2024-11-15,149,4140.740438,1427858.42,100.0,9582.942416107382,80.0,4,28.999656968791065
2024-11-16,157,2769.521909,303296.07,82.75862068965517,1931.822101910828,86.0,4,91.3141376675273
2024-11-17,209,882.975285,1215987.57,79.03225806451613,5818.122344497608,90.0,4,7.261384135694742
2024-11-18,346,4470.815187,2084339.58,79.48717948717949,6024.102832369942,83.0,7,21.449552797917892
2024-11-19,305,2958.268991,628031.15,89.82035928143712,2059.118524590164,90.0,5,47.10385768285538
2024-11-20,550,4210.0928969999995,1999514.1199999999,73.24414715719062,3635.480218181818,83.0,5,21.055579727539005
2024-11-21,535,1692.430891,598300.62,64.70588235294117,1118.3189158878504,82.0,5,28.287299635424077
2024-11-22,679,-18105.345617,1646713.62,59.375,2425.2041531664213,94.0,6,-109.94835651508122
2024-11-23,363,2901.531638,516245.68,85.90604026845638,1422.1644077134986,93.0,4,56.20447299433092
2024-11-24,172,945.550386,664952.28,75.40983606557377,3866.001627906977,80.0,3,14.219823202952249
2024-11-25,255,5523.740734,937410.87,70.46979865771812,3676.1210588235294,82.0,2,58.92550332811908
2024-11-26,302,1094.809359,1146902.44,68.75,3797.6901986754965,79.0,4,9.545793267298308
2024-11-27,213,-2654.495633,1444242.53,56.92307692307692,6780.481361502348,75.0,2,-18.379846721450587
2024-11-28,332,-127075.39958499999,1894225.15,47.80701754385965,5705.497439759036,77.0,5,-670.8568914577023
2024-11-29,393,176844.994152,794262.91,91.86602870813397,2021.0252162849874,78.0,11,2226.5296783403874
2024-11-30,373,37316.69352,1732193.7,90.7514450867052,4643.950938337802,84.0,8,215.43025771309527
2024-12-01,416,40886.364494,814711.82,95.25862068965517,1958.441875,81.0,9,501.85063589724285
2024-12-02,270,18489.604313,585243.56,98.21428571428571,2167.568740740741,80.0,8,315.9300772656088
2024-12-03,374,23576.539285,1084666.53,90.96045197740112,2900.177887700535,76.0,8,217.36209823861714
2024-12-04,319,292891.815021,769287.65,89.1566265060241,2411.5600313479626,78.0,7,3807.312063582458
2024-12-05,456,71574.11848800001,1256750.79,94.14634146341463,2756.0324342105264,84.0,8,569.5171951155089
2024-12-06,403,-92624.643895,3471019.22,68.61313868613139,8612.950918114144,72.0,10,-266.85142900188265
2024-12-07,304,85906.279067,451733.42,92.25352112676056,1485.965197368421,75.0,6,1901.7029793146587
2024-12-08,420,15965.933436,932939.72,97.43589743589743,2221.2850476190474,79.0,6,171.13574536198328
2024-12-09,539,6310.967676,983949.68,96.62921348314607,1825.5096103896105,78.0,10,64.13913032625814
2024-12-10,1596,39325.770231,3150424.08,83.43722172751559,1973.94992481203,78.0,11,124.82690975051207
2024-12-11,1221,319051.554217,2194098.33,98.63945578231292,1796.9683292383293,74.0,12,1454.135167301276
2024-12-12,1932,599151.795008,4557189.87,95.41284403669725,2358.7939285714288,83.0,14,1314.73959194068
2024-12-13,1173,31935.901745,2880824.64,96.31901840490798,2455.9459846547315,76.0,11,110.85680572698793
2024-12-14,1235,167801.399244,2369561.78,97.17607973421927,1918.6735060728743,83.0,12,708.1537213349213
2024-12-15,1697,97525.315279,2583269.81,88.91257995735607,1522.256812021214,80.0,15,377.52663272521266
2024-12-16,1055,166774.344133,2740808.97,97.98534798534799,2597.9231943127966,83.0,13,608.4858374241237
2024-12-17,1941,219591.305172,5233597.63,97.0217640320733,2696.3408706852138,87.0,16,419.5800302133659
2024-12-18,1429,13682.994673,3798887.07,70.39030955585464,2658.423421973408,81.0,13,36.01842966340139
2024-12-19,3339,62744.004486000005,8241709.39,93.48816029143899,2468.316678646301,75.0,13,76.12984335765327
2024-12-20,2488,254969.660039,7681274.71,93.50912778904666,3087.3290635048234,74.0,15,331.93665070598684
2024-12-21,1681,150022.163157,4382875.12,98.92933618843684,2607.302272456871,73.0,8,342.29166711234063
2024-12-22,774,352197.163973,3087320.22,95.46742209631728,3988.7858139534887,73.0,8,1140.785985501044
2024-12-23,2347,-29430.626577,6771878.26,48.504273504273506,2885.333728163613,70.0,14,-43.46006447109402
2024-12-24,338,14813.780116,1767036.11,66.66666666666666,5227.917485207101,73.0,11,83.83405427973963
2024-12-25,208,756.6570469999998,347889.35,76.82926829268293,1672.5449519230767,73.0,6,21.749934196031006
2024-12-26,697,60228.639722,2205242.65,96.49595687331536,3163.9062410329984,79.0,7,273.11570326285863
2024-12-27,260,2672.811035,347913.0,94.82758620689656,1338.126923076923,74.0,7,76.82412082905785
2024-12-28,161,940.673623,281555.01,80.43478260869566,1748.7888819875777,72.0,7,33.40994084956968
2024-12-29,201,2884.067927,344628.54,100.0,1714.5698507462685,73.0,7,83.68627644709868
2024-12-30,304,9009.738137,1073865.73,98.36065573770492,3532.453059210526,65.0,9,83.90004341604234
2024-12-31,306,5445.01281,877164.62,92.0,2866.551045751634,64.0,6,62.075153122340936
2025-01-01,96,-9528.065345,282582.1,96.66666666666667,2943.5635416666664,66.0,6,-337.1786586977732
2025-01-02,361,8716.519087,774674.84,98.21428571428571,2145.9136842105263,70.0,9,112.5184224002938
2025-01-03,508,6028.486793,771208.99,84.66257668711657,1518.1279330708662,74.0,9,78.16930133296295
2025-01-04,371,2553.537968,1826029.6199999999,88.23529411764706,4921.912722371967,73.0,9,13.984099381695684
2025-01-05,239,3187.719363,451943.57,96.15384615384616,1890.977280334728,72.0,8,70.53357044110618
2025-01-06,573,6064.185393,556526.99,73.55371900826447,971.2512914485166,76.0,7,108.964803180525
2025-01-07,637,16098.227531,1313178.1,97.0,2061.504081632653,78.0,6,122.58982639902386
2025-01-08,1039,130117.090554,3177275.18,91.4691943127962,3058.0126852743024,70.0,11,409.5241462654802
2025-01-09,522,46975.928902,1020733.25,85.79881656804734,1955.427681992337,69.0,7,460.21748485218836
2025-01-10,819,-10116.875552,6547449.68,88.52459016393442,7994.444053724053,50.0,7,-15.451627803881037
2025-01-11,283,2269.080536,1658098.71,78.4090909090909,5859.006042402827,69.0,7,13.68483385407133
2025-01-12,602,5742.241803,2258459.17,99.36842105263159,3751.59330564784,62.0,7,25.42548423844209
2025-01-13,408,9655.429352,2936648.0100000002,95.18072289156626,7197.666691176471,61.0,11,32.8790829514498
2025-01-14,275,16069.512355,876581.97,97.16312056737588,3187.5708,63.0,9,183.32013325576386
2025-01-15,267,14819.5883,1801599.8900000001,88.48920863309353,6747.565131086143,70.0,11,82.25793297534003
2025-01-16,371,20807.709328,3049692.96,90.0709219858156,8220.196657681941,75.0,9,68.22886631839816
2025-01-17,238,7006.415608,1110230.46,99.21259842519686,4664.8338655462185,75.0,8,63.107758798114766
2025-01-18,651,443.2330819999997,2711629.88,88.57142857142857,4165.330076804916,77.0,12,1.6345633497739733
2025-01-19,1567,87923.799302,9715215.3,73.04147465437788,6199.8821314613915,77.0,15,90.5011331061289
2025-01-20,1315,87277.239173,8287327.01,85.02475247524752,6302.149817490495,76.0,15,105.3141007561134
2025-01-21,530,11077.839421,1523729.82,95.7943925233645,2874.961924528302,76.0,8,72.7021239303435
2025-01-22,832,20524.408057,1778406.43,79.05405405405406,2137.5077283653845,84.0,10,115.40898475608864
2025-01-23,1218,101256.24216,3697028.66,95.0413223140496,3035.3273070607556,75.0,12,273.8854671470142
2025-01-24,874,10602.779738,1611433.45,97.79559118236473,1843.7453661327231,75.0,11,65.79719279130019
2025-01-25,506,-10348.016255999999,1239377.7,82.94117647058825,2449.363043478261,75.0,11,-83.49364569009109
2025-01-26,451,40823.466668,1201173.66,95.14563106796116,2663.3562305986693,73.0,7,339.8631524104517
2025-01-27,773,41331.765392,1508028.31,92.0,1950.8775032341528,71.0,15,274.07817955353903
2025-01-28,498,17979.613973,579412.17,95.42682926829268,1163.4782530120483,72.0,8,310.30784135928656
2025-01-29,910,23421.01147,1897513.41,96.43765903307889,2085.1795714285713,72.0,9,123.43001818363963
2025-01-30,1067,23097.471385,3014397.17,87.47044917257683,2825.114498594189,70.0,11,76.62384908953454
2025-01-31,1016,35868.296773,2783411.48,93.85665529010238,2739.578228346457,76.0,11,128.8645140351293
2025-02-01,634,32300.205017,1363746.44,94.9748743718593,2151.019621451104,68.0,12,236.84905103766945
2025-02-02,1319,162854.759623,5661092.29,89.413988657845,4291.957763457164,60.0,13,287.67374082679015
2025-02-03,2380,348871.326269,22592901.37,82.43647234678625,9492.815701680673,44.0,12,154.4163454509871
2025-02-04,2512,416876.88812,15678409.27,87.20200752823087,6241.404964171974,72.0,13,265.8923369972725
2025-02-05,1297,56706.235562,8743231.51,82.24852071005917,6741.1191287586735,54.0,11,64.85729618064295
2025-02-06,1703,33803.799733,2818508.87,94.69240048250904,1655.0257604227834,49.0,11,119.93504825478871
2025-02-07,1524,22450.002091,3460263.54,80.07448789571696,2270.5141338582675,44.0,13,64.8794573924274
2025-02-08,575,586.703253,839734.97,90.1639344262295,1460.4086434782607,44.0,10,6.9867669438608715
2025-02-09,764,150551.829492,2920919.7,98.50299401197606,3823.19332460733,46.0,12,515.4261155895521
2025-02-10,889,63908.49465,3624958.44,91.991341991342,4077.5685489313837,43.0,14,176.3013168504078
2025-02-11,848,-6093.784817,2797544.17,56.74846625766872,3298.990766509434,47.0,12,-21.782622352661548
2025-02-12,1031,19848.635032,4143974.54,85.63734290843806,4019.3739476236665,46.0,12,47.897579583102356
2025-02-13,1370,27829.534238,3199852.21,97.56468797564688,2335.6585474452554,50.0,11,86.97131120940114
2025-02-14,1655,213860.675308,4007103.42,88.5286783042394,2421.210525679758,48.0,15,533.7039075173159
2025-02-15,932,45042.92701,1712852.95,96.1630695443645,1837.8250536480687,50.0,12,262.9701925667349
2025-02-16,681,2369.478425,806177.64,85.95988538681948,1183.8144493392072,54.0,10,29.391517544445907
2025-02-17,941,1818.573295,2031044.64,87.19008264462809,2158.3896280552603,51.0,9,8.953881461709281
2025-02-18,1676,91204.672403,3371128.68,92.25806451612904,2011.413293556086,47.0,11,270.5463987301725
2025-02-19,1361,14985.794701,3263930.24,90.9375,2398.185334313005,44.0,10,45.91334250146228
2025-02-20,2012,46008.794102,4628609.29,97.17741935483872,2300.5016351888667,49.0,11,99.40090255922206
2025-02-21,1873,119693.49395,3972159.88,96.6403162055336,2120.747399893219,55.0,14,301.33100772872217
2025-02-22,686,25278.704178,3175570.2,96.875,4629.111078717201,49.0,10,79.60366984801658
2025-02-23,520,10656.934251,1141310.74,96.29629629629629,2194.8283461538463,50.0,12,93.37451999268842
2025-02-24,5616,38470.176242,11223619.59,88.16778789077958,1998.5077617521367,49.0,14,34.27608708003262
2025-02-25,6246,204762.177034,19414984.36,76.03923400280243,3108.3868651937237,25.0,18,105.46605304296006
2025-02-26,1176,63229.063129,4946958.13,92.82352941176471,4206.597049319727,21.0,13,127.81402524019343
2025-02-27,890,-36525.167517,1999898.43,58.80952380952381,2247.0768876404495,10.0,9,-182.63511270919895
2025-02-28,1019,225628.108748,4123660.77,96.82151589242054,4046.7721000981355,16.0,13,547.1548736245828
2025-03-01,174,10596.108968,263824.13,92.85714285714286,1516.230632183908,20.0,5,401.63532304645526
2025-03-02,532,66914.320708,6460848.74,95.01779359430606,12144.452518796992,26.0,10,103.56893250529806
2025-03-03,1482,616413.032233,8244590.38,96.5079365079365,5563.151403508772,33.0,14,747.6575594687095
2025-03-04,2402,182075.566585,11124247.15,74.44987775061125,4631.24360949209,15.0,16,163.6745068047144
2025-03-05,1660,269328.365917,9193654.22,98.43627834245504,5538.345915662651,20.0,13,292.9502888319417
2025-03-06,760,16101.125561,6765324.96,95.54973821989529,8901.743368421052,25.0,12,23.799485843175226
2025-03-07,2552,150236.061627,19854275.48,93.15164220824597,7779.888510971787,34.0,14,75.6693749808895
2025-03-08,529,24700.773359,892083.51,99.33993399339934,1686.3582419659735,28.0,13,276.8885769337895
2025-03-09,1422,19773.457395,10419697.99,100.0,7327.495070323488,27.0,12,18.97699665957401
2025-03-10,2911,-10010.027269999999,16811790.68,86.73163418290855,5775.263029886637,20.0,14,-5.954170772485491
2025-03-11,3286,-76880.729036,14016952.09,51.461988304093566,4265.657970176507,24.0,16,-54.8483925338151
2025-03-12,3968,288105.984215,18618139.15,96.01371624517789,4692.071358366935,34.0,13,154.74477975152527
2025-03-13,962,14114.870873,3285591.22,89.79591836734694,3415.375488565489,45.0,13,42.95991171111055
2025-03-14,2210,68646.160089,8047187.16,98.1789802289282,3641.261158371041,27.0,10,85.30454023763504
2025-03-15,261,78694.624572,2355749.54,82.01058201058201,9025.86030651341,46.0,8,334.0534434403413
2025-03-16,530,-7910.943544999999,10187921.51,55.90909090909091,19222.49341509434,30.0,8,-7.765022077599418
2025-03-17,920,26163.906513,3592895.05,86.33540372670807,3905.320706521739,32.0,11,72.82123788447426
2025-03-18,834,72322.788824,4050655.47,76.42276422764228,4856.901043165468,34.0,13,178.5458905592877
2025-03-19,1612,29374.682341,4598813.57,86.58064516129032,2852.8620161290323,32.0,12,63.87447956712887
2025-03-20,771,10246.859436,1652257.93,71.5909090909091,2143.0063942931256,49.0,13,62.01731128020673
2025-03-21,698,6951.270374,2543903.39,100.0,3644.560730659026,31.0,9,27.32521369060324
2025-03-22,535,12498.535254,971809.42,76.73716012084593,1816.4662056074767,32.0,8,128.61097038964698
2025-03-23,447,14047.421585,2593519.67,100.0,5802.057427293064,30.0,10,54.16354364877441
2025-03-24,1027,107878.961301,3017587.05,94.18777943368107,2938.254186952288,45.0,13,357.5007431881708
2025-03-25,791,32030.90678,5372519.77,73.33333333333333,6792.060391908975,46.0,13,59.61989560068199
2025-03-26,3102,15802.167427,7597754.37,51.977750309023484,2449.30830754352,47.0,17,20.798471044806888
2025-03-27,785,58825.359221,3240279.46,98.86792452830188,4127.744535031847,40.0,11,181.54409194384735
2025-03-28,728,21337.179335,1483092.61,98.71794871794873,2037.2151236263737,44.0,11,143.86950073872998
2025-03-29,1894,12098.872931,3668151.83,71.70212765957447,1936.7221911298839,26.0,10,32.983566361810055
2025-03-30,568,15795.11514,2850874.96,88.67924528301887,5019.146056338028,32.0,9,55.40444727186492
2025-03-31,495,6978.184557,2164772.4699999997,88.6986301369863,4373.277717171717,34.0,12,32.23518708642853
2025-04-01,192,-2202.6622420000003,704445.1900000001,72.1311475409836,3668.9853645833336,34.0,9,-31.268042897702234
2025-04-02,1076,202212.740938,3867930.6,99.89626556016597,3594.7310408921935,44.0,11,522.7930949381563
2025-04-03,1748,-2365.961276,8670233.15,82.01892744479495,4960.087614416476,25.0,17,-2.7288323567169583
2025-04-04,1272,-25515.678949999998,3835545.73,71.55297532656023,3015.3661399371067,28.0,14,-66.52424647274378
2025-04-05,360,35907.33771,1267564.22,97.20930232558139,3521.011722222222,30.0,10,283.2782524423102
2025-04-06,1048,47053.449272,3551252.06,95.95375722543352,3388.59929389313,34.0,14,132.4981963459952
2025-04-07,2814,34527.370305,14460253.14,53.285827395091054,5138.682707889126,23.0,18,23.877431446542435
2025-04-08,943,34899.394798,8869391.4,83.73101952277658,9405.505196182397,24.0,17,39.348127987676804
2025-04-09,3967,43120.444797,28556806.47,76.79856115107914,7198.589984875221,18.0,20,15.099883399882144
2025-04-10,2127,158261.822261,28741953.29,84.5229151014275,13512.90704748472,39.0,19,55.06300169100303
2025-04-11,1096,126406.479081,11319327.07,81.23620309050773,10327.853166058394,25.0,16,111.67313948902441
2025-04-12,2109,410419.694533,55914617.49,79.6116504854369,26512.383826458037,43.0,20,73.40114498796332
2025-04-13,1321,48696.021521,14171154.79,84.45229681978799,10727.596358819075,45.0,17,34.36277582357846
2025-04-14,890,45680.443063,13079972.98,89.95215311004785,14696.598853932584,31.0,14,34.92395827793216
2025-04-15,1131,72357.706282,20752168.24,99.23312883435584,18348.51303271441,38.0,14,34.86754031924715
2025-04-16,1608,58631.730257,36502715.9,67.7819083023544,22700.69396766169,29.0,17,16.06229257505741
2025-04-17,1031,5427.919886,2604551.51,84.82384823848238,2526.238128031038,30.0,12,20.840132610777204
2025-04-18,1894,4880.4047439999995,24610650.46,97.88306451612904,12994.007634635693,33.0,12,1.9830458166606293
2025-04-19,2786,71950.577495,32706462.71,79.6477495107632,11739.577426417804,32.0,15,21.998886927323117
2025-04-20,1982,25060.341936,12126094.05,82.12058212058211,6118.110015136226,37.0,12,20.666458492460727
2025-04-21,1718,34369.267906999994,42104054.84,79.46009389671362,24507.598859138536,39.0,14,8.162935384158832
2025-04-22,2998,58652.763578,33753625.24,68.94409937888199,11258.714222815212,47.0,15,17.376730102606302
2025-04-23,6159,-419020.225731,30682443.79,48.32085044696787,4981.72492125345,72.0,19,-136.56677043031587
2025-04-24,2232,50704.395965,35088918.64,77.82462057335582,15720.841684587815,63.0,15,14.450258922256717
2025-04-25,1653,20218.859206,27749455.78,87.3972602739726,16787.32957047792,60.0,16,7.286218283449162
2025-04-26,1131,-4125.753942,11948127.77,35.32608695652174,10564.215534924844,65.0,12,-3.453054755874945
2025-04-27,337,2702.067468,487537.69,73.61963190184049,1446.6993768545994,61.0,9,55.422740096257996
2025-04-28,1379,36906.813759,26124921.49,79.6398891966759,18944.83066715011,54.0,8,14.12705250545042
2025-04-29,2243,125749.613427,34089511.66,93.7137330754352,15198.177289344627,60.0,7,36.888065361919594
2025-04-30,1113,14003.797269,12693878.85,89.66565349544074,11405.10229110512,56.0,8,11.031929195542938
2025-05-01,1230,54536.829297000004,10720240.52,78.63501483679525,8715.642699186992,53.0,11,50.87276651606321
